Workbook
Name DPTPokBang: OFFSET('[1]U-EK'!$J$1,[1]HitBang!B1048576,0,[1]HitBang!B1)
Name Elev.: [1]Ref!$E$2:$E$14
Name Kec.: OFFSET([1]Adm_Wil!$L$8,1,0,[1]Adm_Wil!$L$8)
Name Kel.1: OFFSET([1]Adm_Wil!$H$9,VLOOKUP(List_DP!XFD1,[1]Adm_Wil!XEY$10:XFA$79,2,0),0,VLOOKUP(List_DP!XFD1,[1]Adm_Wil!$C$10:$E$79,3,0))
Name Kel.2: OFFSET([1]Adm_Wil!$G$9,VLOOKUP([1]Grand_Sum!XFD1,[1]Adm_Wil!$C$9:$K$146,8,0),1,VLOOKUP([1]Grand_Sum!XFD1,[1]Adm_Wil!$C$9:$J$146,7,0))
Name Kel_Acuan: OFFSET([1]Adm_Wil!$G$9,VLOOKUP([1]DP_Imaginer!XFD1,[1]Adm_Wil!$C$10:$E$79,2,0),1,VLOOKUP([1]DP_Imaginer!XFD1,[1]Adm_Wil!$C$10:$E$79,3,0))
Name Kokab.: OFFSET([1]IKK!$B$1,[1]Adm_Wil!$A$4,0,[1]Adm_Wil!$A$5)
Name PokBang: '[1]U-EK'!$J$3:$J$11
Name PROP.: [1]IKK!$I$4:$I$37
Name RUTR: [1]Ref!$F$2:$F$9
Name Tgl_Penilaian: List_DP!#REF!
Name Thn_Pajak: List_DP!#REF!
Name xxx: OFFSET([1]Adm_Wil!$H$9,VLOOKUP(List_DP!XFD1,[1]Adm_Wil!XEY$10:XFA$79,2,0),0,VLOOKUP(List_DP!XFD1,[1]Adm_Wil!$C$10:$E$79,3,0))

Sheet List_DP
A1: no | B1: jenis_properti | C1: alamat | D1: provinsi | E1: kota_kab | F1: kecamatan | G1: desa_kelurahan | H1: latlng | I1: luas_tanah | J1: luas_bangunan | K1: kisaran_nilai_tanah | L1: tanggal_data | M1: surveyor | N1: reviewer | O1: admin
A2: 1 | B2: Tanah Kosong | C2: Kawasan GIIC, Jl. Anggrek 2 | D2: Jawa Barat | E2: Kab. Bekasi | F2: Cikarang Pusat | G2: Nagasari | H2: -6.395972, 107.173722 | I2: 76007 | J2: 0 | K2: 2171000 | L2: 45635 | M2: Surveyor 1 | N2: Reviewer 1 | O2: AT
A3: 2 | B3: Tanah Kosong | C3: Kawasan GIIC, Jl. Anggrek Raya | D3: Jawa Barat | E3: Kab. Bekasi | F3: Cikarang Pusat | G3: Sukamahi | H3: -6.385667, 107.169389 | I3: 20000 | J3: 0 | K3: 2250000 | L3: 45635 | M3: Surveyor 1 | N3: Reviewer 1 | O3: AT
A4: 3 | B4: Tanah Kosong | C4: Kawasan GIIC, Jl. Edelweis | D4: Jawa Barat | E4: Kab. Bekasi | F4: Bojongmangu | G4: Sukamukti | H4: -6.397194, 107.185611 | I4: 80000 | J4: 0 | K4: 2313000 | L4: 45635 | M4: Surveyor 1 | N4: Reviewer 1 | O4: AT
A5: 4 | B5: Tanah & Bangunan | C5: Perumahan Pondok Indah, Jl Sekolah Kencana I Blok SH-3 No. 17 | D5: DKI Jakarta | E5: Kota Jakarta Selatan | F5: Kebayoran Lama | G5: Pondok Pinang | H5: -6.279330, 106.784497 | I5: 630 | J5: 600 | K5: 35278000 | L5: 45653 | M5: Surveyor 1 | N5: Reviewer 1 | O5: AT
A6: 5 | B6: Tanah & Bangunan | C6: Perumahan Pondok Indah, Jl Kencana Indah III No. 18 | D6: DKI Jakarta | E6: Kota Jakarta Selatan | F6: Kebayoran Lama | G6: Pondok Pinang | H6: -6.279291, 106.786859 | I6: 940 | J6: 800 | K6: 34731000 | L6: 45653 | M6: Surveyor 1 | N6: Reviewer 1 | O6: AT
A7: 6 | B7: Tanah & Bangunan | C7: Perumahan Pondok Indah, Jl Kencana Permai I Blok SN-18 No. 4 | D7: DKI Jakarta | E7: Kota Jakarta Selatan | F7: Kebayoran Lama | G7: Pondok Pinang | H7: -6.277632, 106.783506 | I7: 421 | J7: 500 | K7: 33298000 | L7: 45653 | M7: Surveyor 1 | N7: Reviewer 1 | O7: AT
A8: 7 | B8: Tanah Kosong | C8: Jl. Raya Pelabuhan Kabil | D8: Kepulauan Riau | E8: Kota Batam | F8: Nangsa | G8: Kabil | H8: 1,078611, 04.134472 | I8: 205600 | J8: 0 | K8: 972000 | L8: 45565 | M8: Surveyor 1 | N8: Reviewer 1 | O8: AT
A9: 8 | B9: Tanah Kosong | C9: Jl. Hang Kesturi, Komp. Kabil Industrial Estate | D9: Kepulauan Riau | E9: Kota Batam | F9: Nangsa | G9: Kabil | H9: 1,096908, 04.134577 | I9: 180000 | J9: 0 | K9: 889000 | L9: 45565 | M9: Surveyor 1 | N9: Reviewer 1 | O9: AT
A10: 9 | B10: Tanah & Bangunan | C10: Jl. Raya Pelabuhan Kabil (Kampung Baru) | D10: Kepulauan Riau | E10: Kota Batam | F10: Nangsa | G10: Kabil | H10: 1,055694, 04.137000 | I10: 100000 | J10: 16200 | K10: 1065000 | L10: 45565 | M10: Surveyor 1 | N10: Reviewer 1 | O10: AT
A11: 10 | B11: Tanah & Bangunan | C11: Jalan Untung Suropati | D11: Jawa Tengah | E11: Kota Semarang | F11: Ngaliyan | G11: Bambankerep | H11: -7.011861, 110.368222 | I11: 750 | J11: 350 | K11: 3466000 | L11: 45371 | M11: Surveyor 1 | N11: Reviewer 1 | O11: AT
A12: 11 | B12: Tanah Kosong | C12: Jalan Untung Suropati | D12: Jawa Tengah | E12: Kota Semarang | F12: Ngaliyan | G12: Bambankerep | H12: -7.012222, 110.367972 | I12: 1200 | J12: 0 | K12: 4200000 | L12: 45371 | M12: Surveyor 1 | N12: Reviewer 1 | O12: AT
A13: 12 | B13: Tanah Kosong | C13: Jalan Untung Suropati | D13: Jawa Tengah | E13: Kota Semarang | F13: Ngaliyan | G13: Bambankerep | H13: -7.012139, 110.370361 | I13: 832 | J13: 0 | K13: 3606000 | L13: 45371 | M13: Surveyor 1 | N13: Reviewer 1 | O13: AT
... A138: 137 | B138: Tanah & Bangunan | C138: Perumahan Sinar Pamulang Permai, Blok A-6 No. 9 | D138: Banten | E138: Kota Tangerang Selatan | F138: Pamulang | G138: Pamulang Barat | H138: -6.341361, 106.743083 | I138: 90 | J138: 80 | K138: 2448000 | L138: 45699 | M138: Surveyor 1 | N138: Reviewer 1 | O138: AT
A139: 138 | B139: Tanah & Bangunan | C139: Jalan oasis | D139: Nusa Tenggara Barat | E139: Kab. Lombok Barat | F139: Pamenang | G139: Gili Indah | H139: -8.359417, 116.085083 | I139: 2000 | J139: 600 | L139: 45672 | M139: Surveyor 1 | N139: Reviewer 1 | O139: AT
A140: 139 | B140: Tanah Kosong | C140: Jalan Karma | D140: Nusa Tenggara Barat | E140: Kab. Lombok Barat | F140: Pamenang | G140: Gili Indah | H140: -8.359139, 116.086083 | I140: 2221 | J140: 0 | K140: 2094000 | L140: 45672 | M140: Surveyor 1 | N140: Reviewer 1 | O140: AT
A141: 140 | B141: Tanah Kosong | C141: Jalan Sunset Boulevard | D141: Nusa Tenggara Barat | E141: Kab. Lombok Barat | F141: Pamenang | G141: Gili Indah | H141: -8.350611, 116.084306 | I141: 2079 | J141: 0 | K141: 2597000 | L141: 45672 | M141: Surveyor 1 | N141: Reviewer 1 | O141: AT
A142: 141 | B142: Tanah Kosong | C142: Jalan Desa Batu Nampar | D142: Nusa Tenggara Barat | E142: Kab. Lombok Barat | F142: Jerowaru | G142: Batunampar | H142: -8.846417, 116.396222 | I142: 100000 | J142: 0 | K142: 68000 | L142: 45672 | M142: Surveyor 1 | N142: Reviewer 1 | O142: AT
A143: 142 | B143: Tanah Kosong | C143: Jalan Desa Batu Nampar | D143: Nusa Tenggara Barat | E143: Kab. Lombok Barat | F143: Jerowaru | G143: Batunampar | H143: -8.838861, 116.411528 | I143: 293000 | J143: 0 | K143: 67000 | L143: 45672 | M143: Surveyor 1 | N143: Reviewer 1 | O143: AT
A144: 143 | B144: Tanah Kosong | C144: Jalan Desa | D144: Nusa Tenggara Barat | E144: Kab. Lombok Barat | F144: Jerowaru | G144: Batunampar | H144: -8.876472, 116.454056 | I144: 80000 | J144: 0 | K144: 80000 | L144: 45672 | M144: Surveyor 1 | N144: Reviewer 1 | O144: AT
A145: 144 | B145: Tanah & Bangunan | C145: Jl. Rawa Sawah 1 | D145: DKI Jakarta | E145: Kota Jakarta Pusat | F145: Johar Baru | G145: Galur | H145: -6.177474, 106.852192 | I145: 58 | J145: 55 | K145: 5659000 | L145: 45701 | M145: Surveyor 1 | N145: Reviewer 1 | O145: AT
A146: 145 | B146: Tanah & Bangunan | C146: Gang Biduri Anggur No. 18 | D146: DKI Jakarta | E146: Kota Jakarta Pusat | F146: Johar Baru | G146: Galur | H146: -6.175671, 106.853737 | I146: 57 | J146: 104 | K146: 2971000 | L146: 45701 | M146: Surveyor 1 | N146: Reviewer 1 | O146: AT
A147: 146 | B147: Tanah & Bangunan | C147: Gang Biduri Anggur No. 22 | D147: DKI Jakarta | E147: Kota Jakarta Pusat | F147: Johar Baru | G147: Galur | H147: -6.175669, 106.853773 | I147: 49 | J147: 70 | K147: 2984000 | L147: 45701 | M147: Surveyor 1 | N147: Reviewer 1 | O147: AT
A148: 147 | B148: Tanah Kosong | C148: Jalan Cendrawasih | D148: Jawa Barat | E148: Kab. Bekasi | F148: Serang | G148: Jayamulya | H148: -6.404969, 107.065282 | I148: 1965 | J148: 0 | K148: 1526000 | L148: 45716 | M148: Surveyor 1 | N148: Reviewer 1 | O148: AT
A149: 148 | B149: Tanah Kosong | C149: Jalan Cendrawasih | D149: Jawa Barat | E149: Kab. Bekasi | F149: Serang | G149: Jayamulya | H149: -6.404498, 107.065705 | I149: 1003 | J149: 0 | K149: 1794000 | L149: 45716 | M149: Surveyor 1 | N149: Reviewer 1 | O149: AT
A150: 149 | B150: Tanah Kosong | C150: Jalan Pasirandu | D150: Jawa Barat | E150: Kab. Bekasi | F150: Serang | G150: Jayamulya | H150: -6.396593, 107.079773 | I150: 631 | J150: 0 | K150: 1744000 | L150: 45716 | M150: Surveyor 1 | N150: Reviewer 1 | O150: AT
A151: 150 | B151: Tanah Kosong | C151: Jalan Abdul Majid Ibrahim | D151: Nanggroe Aceh Darussalam | E151: Kota Sabang | F151: Sukakarya | G151: Kuta Ateueh | H151: 5,891395, 5.323272 | I151: 1200 | J151: 0 | K151: 4001000 | L151: 45681 | M151: Surveyor 1 | N151: Reviewer 1 | O151: AT
... A190: 189 | B190: Tanah Kosong | C190: Jl. Laksamana Bintan | D190: Kepulauan Riau | E190: Kota Batam | F190: Batam Kota | G190: Belian | H190: 1,11575, 04.054972 | I190: 6000 | J190: 0 | K190: 3665000 | L190: 45618 | M190: Surveyor 2 | N190: Reviewer 2 | O190: GF
A191: 190 | B191: Tanah & Bangunan | C191: Jalan Yossudarso-Jalan Sudirman | D191: Kepulauan Riau | E191: Kota Batam | F191: Batam Kota | G191: Belian | H191: 1,126795, 04.016701 | I191: 10993 | J191: 19684 | L191: 45618 | M191: Surveyor 2 | N191: Reviewer 2 | O191: GF
A192: 191 | B192: Tanah & Bangunan | C192: Jalan Kelapa Puyuh III Blok KD No. 12A | D192: DKI Jakarta | E192: Kota Jakarta Utara | F192: Kelapa Gading | G192: kelapa Gading Timur | H192: -6.174167, 106.902111 | I192: 160 | J192: 170 | K192: 12101000 | L192: 45621 | M192: Surveyor 2 | N192: Reviewer 2 | O192: GF
A193: 192 | B193: Tanah & Bangunan | C193: Jalan Kelapa Molek IV Blok U2 | D193: DKI Jakarta | E193: Kota Jakarta Utara | F193: Kelapa Gading | G193: kelapa Gading Timur | H193: -6.172500, 106.903000 | I193: 111 | J193: 72 | K193: 12660000 | L193: 45621 | M193: Surveyor 2 | N193: Reviewer 2 | O193: GF
A194: 193 | B194: Tanah & Bangunan | C194: Jalan Kelapa Molek V Blok U-1 No. 4 | D194: DKI Jakarta | E194: Kota Jakarta Utara | F194: Kelapa Gading | G194: kelapa Gading Timur | H194: -6.172000, 106.902694 | I194: 102 | J194: 320 | K194: 10998000 | L194: 45621 | M194: Surveyor 2 | N194: Reviewer 2 | O194: GF
A195: 194 | B195: Tanah & Bangunan | C195: Perum Bekasi Timur Regency, Cluster Morganite Blok M2 No. 2 | D195: Jawa Barat | E195: Kab. Bekasi | F195: Setu | G195: Burangkeng | H195: -6.332250, 107.018722 | I195: 120 | J195: 85 | K195: 1331000 | L195: 45600 | M195: Surveyor 2 | N195: Reviewer 2 | O195: GF
A196: 195 | B196: Tanah & Bangunan | C196: Perum Bekasi Timur Regency, Cluster Morganite Blok M8 No. 3 | D196: Jawa Barat | E196: Kab. Bekasi | F196: Setu | G196: Burangkeng | H196: -6.332972, 107.018944 | I196: 120 | J196: 85 | K196: 1330000 | L196: 45600 | M196: Surveyor 2 | N196: Reviewer 2 | O196: GF
A197: 196 | B197: Tanah & Bangunan | C197: Jalan H. Hikmah | D197: Jawa Barat | E197: Kota Depok | F197: Pancoran Mas | G197: Rangkapan Jaya Baru | H197: -6.408389, 106.785889 | I197: 94 | J197: 100 | K197: 85000 | L197: 45607 | M197: Surveyor 2 | N197: Reviewer 2 | O197: GF
A198: 197 | B198: Tanah & Bangunan | C198: Gang H. Ncat | D198: Jawa Barat | E198: Kota Depok | F198: Beji | G198: Beji | H198: -6.387722, 106.815361 | I198: 100 | J198: 70 | K198: 1137000 | L198: 45594 | M198: Surveyor 2 | N198: Reviewer 2 | O198: GF
A199: 198 | B199: Tanah & Bangunan | C199: Gang Masjid Al Qubaiyah | D199: Jawa Barat | E199: Kota Depok | F199: Beji | G199: Beji | H199: -6.386278, 106.815889 | I199: 100 | J199: 80 | K199: 628000 | L199: 45594 | M199: Surveyor 2 | N199: Reviewer 2 | O199: GF
A200: 199 | B200: Tanah & Bangunan | C200: Jalan Kembang Lio | D200: Jawa Barat | E200: Kota Depok | F200: Pancoran Mas | G200: Depok | H200: -6.395194, 106.818611 | I200: 150 | J200: 120 | K200: 135000 | L200: 45594 | M200: Surveyor 2 | N200: Reviewer 2 | O200: GF
A201: 200 | B201: Tanah Kosong | C201: Jalan Cikeruh | D201: Jawa Barat | E201: Kab. Karawang | F201: Tirtajaya | G201: Cikeruh | H201: -6.046306, 107.206056 | I201: 720 | J201: 0 | K201: 239000 | L201: 45593 | M201: Surveyor 2 | N201: Reviewer 2 | O201: GF
A202: 201 | B202: Tanah Kosong | C202: Kampung Graha Mulya | D202: Jawa Barat | E202: Kab. Karawang | F202: Tirtajaya | G202: Cikeruh | H202: -6.060444, 107.228944 | I202: 420 | J202: 0 | K202: 214000 | L202: 45593 | M202: Surveyor 2 | N202: Reviewer 2 | O202: GF
A203: 202 | B203: Tanah Kosong | C203: Jalan Medan Karya | D203: Jawa Barat | E203: Kab. Karawang | F203: Tirtajaya | G203: Cikeruh | H203: -6.081917, 107.232389 | I203: 150 | J203: 0 | K203: 207000 | L203: 45593 | M203: Surveyor 2 | N203: Reviewer 2 | O203: GF
... A226: 225 | B226: Tanah Kosong | C226: Jalan Raja Ali Kelana | D226: Kepulauan Riau | E226: Kota Batam | F226: Batam Kota | G226: Belian | H226: 1,11375, 04.071556 | I226: 49000 | J226: 0 | K226: 3468000 | L226: 45597 | M226: Surveyor 2 | N226: Reviewer 2 | O226: GF
A227: 226 | B227: Tanah & Bangunan | C227: Jalan Yoas Sudarso | D227: Kepulauan Riau | E227: Kota Batam | F227: Lubuk Baja | G227: Baloi Indah | H227: 1,126833, 04.016806 | I227: 10993 | J227: 19684 | L227: 45597 | M227: Surveyor 2 | N227: Reviewer 2 | O227: GF
A228: 227 | B228: Tanah Kosong | C228: Karangsegar | D228: Jawa Barat | E228: Kab. Bekasi | F228: Pebayuran | G228: Karangsegar | H228: -6.122222, 107.234194 | I228: 10050 | J228: 0 | K228: 81000 | L228: 45545 | M228: Surveyor 2 | N228: Reviewer 2 | O228: GF
A229: 228 | B229: Tanah Kosong | C229: Karangharja | D229: Jawa Barat | E229: Kab. Bekasi | F229: Pebayuran | G229: Karangharja | H229: -6.115750, 107.214083 | I229: 10000 | J229: 0 | K229: 71000 | L229: 45545 | M229: Surveyor 2 | N229: Reviewer 2 | O229: GF
A230: 229 | B230: Tanah Kosong | C230: Kp Buher | D230: Jawa Barat | E230: Kab. Bekasi | F230: Pebayuran | G230: Karangsegar | H230: -6.104500, 107.205500 | I230: 10000 | J230: 0 | K230: 65000 | L230: 45545 | M230: Surveyor 2 | N230: Reviewer 2 | O230: GF
A231: 230 | B231: Tanah Kosong | C231: Perumahan Pasirjengko | D231: Jawa Barat | E231: Kab. Karawang | F231: Majalaya | G231: Pasirjengkol | H231: -6.297333, 107.344889 | I231: 140 | J231: 0 | K231: 1000000 | L231: 45596 | M231: Surveyor 2 | N231: Reviewer 2 | O231: GF
A232: 231 | B232: Tanah & Bangunan | C232: The Private Hill Cluster Kav. 10 RT 07 RW 20 | D232: Jawa Barat | E232: Kab. Bandung Barat | F232: Ngamprah | G232: Cilame | H232: -6.856306, 107.507389 | I232: 146 | J232: 180 | K232: 1445000 | L232: 45600 | M232: Surveyor 2 | N232: Reviewer 2 | O232: GF
A233: 232 | B233: Tanah & Bangunan | C233: Perumahan Cilame Indah Blok RE 13 | D233: Jawa Barat | E233: Kab. Bandung Barat | F233: Ngamprah | G233: Cilame | H233: -6.859778, 107.506944 | I233: 300 | J233: 90 | K233: 2604000 | L233: 45600 | M233: Surveyor 2 | N233: Reviewer 2 | O233: GF
A234: 233 | B234: Tanah & Bangunan | C234: Jl. Cilame, Grand Millenia Residence | D234: Jawa Barat | E234: Kab. Bandung Barat | F234: Ngamprah | G234: Cilame | H234: -6.854694, 107.515833 | I234: 83 | J234: 120 | K234: 2507000 | L234: 45600 | M234: Surveyor 2 | N234: Reviewer 2 | O234: GF
A235: 234 | B235: Tanah Kosong | C235: Perumahan Graha Mustika Cileungsi, Blok D12 | D235: Jawa Barat | E235: Kab. Bogor | F235: Bojong | G235: Klapanunggal | H235: -6.446333, 107.007667 | I235: 100 | J235: 0 | K235: 1301000 | L235: 45600 | M235: Surveyor 2 | N235: Reviewer 2 | O235: GF
A236: 235 | B236: Tanah & Bangunan | C236: Jalan Kyai Sepuh | D236: Jawa Timur | E236: Kota Pasuruan | F236: Gadingrejo | G236: Gentong | H236: -7.640167, 112.895000 | I236: 4180 | J236: 2000 | K236: 469000 | L236: 45593 | M236: Surveyor 2 | N236: Reviewer 2 | O236: GF
A237: 236 | B237: Tanah Kosong | C237: Jalan Anjasmoro II | D237: Jawa Timur | E237: Kota Pasuruan | F237: Panggungrejo | G237: Bugul Lor | H237: -7.643222, 112.917667 | I237: 460 | J237: 0 | K237: 1239000 | L237: 45593 | M237: Surveyor 2 | N237: Reviewer 2 | O237: GF
A238: 237 | B238: Tanah Kosong | C238: Jalan Bleter 1 | D238: Jawa Barat | E238: Kota Bekasi | F238: Bekasi Selatan | G238: Pekayon Jaya | H238: -6.261778, 106.979194 | I238: 237 | J238: 0 | K238: 3588000 | L238: 45593 | M238: Surveyor 2 | N238: Reviewer 2 | O238: GF
A239: 238 | B239: Tanah & Bangunan | C239: Jalan Masjid Nurul Muttaqien | D239: Jawa Barat | E239: Kota Bekasi | F239: Bekasi Selatan | G239: Pekayon Jaya | H239: -6.262694, 106.980389 | I239: 80 | J239: 75 | K239: 1738000 | L239: 45593 | M239: Surveyor 2 | N239: Reviewer 2 | O239: GF
... A469: 468 | B469: Tanah & Bangunan | C469: Komplek Bea Cukai, Jl. Tarumanegara Blok S5 No. 24 | D469: DKI Jakarta | E469: Kota Jakarta Utara | F469: Cilincing | G469: Sukapura | H469: -6.156222, 106.925000 | I469: 200 | J469: 128 | K469: 5493000 | L469: 45506 | M469: Surveyor 3 | N469: Reviewer 3 | O469: GF
A470: 469 | B470: Tanah & Bangunan | C470: Perumahan Griya Agape Blok C (Blok Baru), Desa | D470: Sulawesi Utara | E470: Kab. Minahasa Utara | F470: Kauditan | G470: Tumaluntung | H470: 1,417111, 25.003194 | I470: 108 | J470: 36 | L470: 45498 | M470: Surveyor 3 | N470: Reviewer 3 | O470: GF
A471: 470 | B471: Tanah Kosong | C471: Perumahan Griya Agape Blok C7 No. 15 | D471: Sulawesi Utara | E471: Kab. Minahasa Utara | F471: Kauditan | G471: Tumaluntung | H471: 1,415833, 25.001167 | I471: 152 | J471: 0 | K471: 691000 | L471: 45498 | M471: Surveyor 3 | N471: Reviewer 3 | O471: GF
A472: 471 | B472: Tanah Kosong | C472: Perumahan Griya Agape Blok B2 No. 2&4 | D472: Sulawesi Utara | E472: Kab. Minahasa Utara | F472: Kauditan | G472: Tumaluntung | H472: 1,4135, 25.002611 | I472: 330 | J472: 0 | K472: 636000 | L472: 45498 | M472: Surveyor 3 | N472: Reviewer 3 | O472: GF
A473: 472 | B473: Tanah & Bangunan | C473: Jalan Titiran | D473: Jawa Barat | E473: Kota Bandung | F473: Coblong | G473: Sadang Serang | H473: -6.896917, 107.619917 | I473: 550 | J473: 330 | K473: 19964000 | L473: 45463 | M473: Surveyor 3 | N473: Reviewer 3 | O473: GF
A474: 473 | B474: Tanah & Bangunan | C474: Jalan Merak | D474: Jawa Barat | E474: Kota Bandung | F474: Coblong | G474: Sadang Serang | H474: -6.898528, 107.620444 | I474: 579 | J474: 800 | K474: 19511000 | L474: 45463 | M474: Surveyor 3 | N474: Reviewer 3 | O474: GF
A475: 474 | B475: Tanah & Bangunan | C475: Jalan Titiran | D475: Jawa Barat | E475: Kota Bandung | F475: Coblong | G475: Sadang Serang | H475: -6.897361, 107.619778 | I475: 466 | J475: 250 | K475: 20075000 | L475: 45463 | M475: Surveyor 3 | N475: Reviewer 3 | O475: GF
A476: 475 | B476: Tanah & Bangunan | C476: Jalan Terusan Cimuncang | D476: Jawa Barat | E476: Kota Bandung | F476: Cibeunying Kidul | G476: Pasirlayung | H476: -6.895889, 107.650222 | I476: 2000 | J476: 1500 | K476: 2387000 | L476: 45463 | M476: Surveyor 3 | N476: Reviewer 3 | O476: GF
A477: 476 | B477: Tanah Kosong | C477: Jalan Pasir Leutik | D477: Jawa Barat | E477: Kota Bandung | F477: Cibeunying Kidul | G477: Sukapada | H477: -6.893333, 107.649139 | I477: 363 | J477: 0 | K477: 4215000 | L477: 45463 | M477: Surveyor 3 | N477: Reviewer 3 | O477: GF
A478: 477 | B478: Tanah Kosong | C478: Jalan Cukang Kawung | D478: Jawa Barat | E478: Kota Bandung | F478: Cimenyan | G478: Cibeunying | H478: -6.885222, 107.635417 | I478: 825 | J478: 0 | K478: 4485000 | L478: 45463 | M478: Surveyor 3 | N478: Reviewer 3 | O478: GF
A479: 478 | B479: Tanah Kosong | C479: Jalan Soekarno (jalan masuk ± 100 meter) | D479: Sulawesi Utara | E479: Kab. Minahasa Utara | F479: Airmadidi | G479: Minahasa Bawah | H479: 1,441583, 24.975000 | I479: 20000 | J479: 0 | K479: 75000 | L479: 45499 | M479: Surveyor 3 | N479: Reviewer 3 | O479: GF
A480: 479 | B480: Tanah Kosong | C480: Jalan Soekarno (jalan masuk ± 100 meter) | D480: Sulawesi Utara | E480: Kab. Minahasa Utara | F480: Airmadidi | G480: Minahasa Bawah | H480: 1,429056, 24.990528 | I480: 3880 | J480: 0 | K480: 124000 | L480: 45499 | M480: Surveyor 3 | N480: Reviewer 3 | O480: GF
A481: 480 | B481: Tanah Kosong | C481: Desa Sukur | D481: Sulawesi Utara | E481: Kab. Minahasa Utara | F481: Airmadidi | G481: Sukur | H481: 1,438639, 24.953722 | I481: 21255 | J481: 0 | K481: 104000 | L481: 45499 | M481: Surveyor 3 | N481: Reviewer 3 | O481: GF
A482: 481 | B482: Tanah & Bangunan | C482: Gang Keramik No. 16 | D482: Jawa Barat | E482: Kab. Purwakarta | F482: Babakancikao | G482: Mulyamekar | H482: -6.514944, 107.451917 | I482: 706 | J482: 400 | K482: 986000 | L482: 45426 | M482: Surveyor 3 | N482: Reviewer 3 | O482: GF
... A514: 513 | B514: Tanah Kosong | C514: Jl. Raya Mayor Oking Jaya Atmaja No. 101 | D514: Jawa Barat | E514: Kab. Bogor | F514: Cibinong | G514: Ciriung | H514: -6.480056, 106.865778 | I514: 6250 | J514: 0 | K514: 8397000 | L514: 45470 | M514: Surveyor 3 | N514: Reviewer 3 | O514: GF
A515: 514 | B515: Tanah & Bangunan | C515: Jl. Raya Mayor Oking Jaya Atmaja | D515: Jawa Barat | E515: Kab. Bogor | F515: Cibinong | G515: Cirimekar | H515: -6.470722, 106.861500 | I515: 933 | J515: 1017 | L515: 45470 | M515: Surveyor 3 | N515: Reviewer 3 | O515: GF
A516: 515 | B516: Tanah & Bangunan | C516: Gang Gajah Mada 8 | D516: Kalimantan Barat | E516: Kota Pontianak | F516: Pontianak Selatan | G516: Benua Melayu Darat | H516: -0.033028, 109.339139 | I516: 90 | J516: 45 | K516: 4513000 | L516: 45462 | M516: Surveyor 3 | N516: Reviewer 3 | O516: GF
A517: 516 | B517: Tanah & Bangunan | C517: Gang Gajah Mada 8 No. 30 | D517: Kalimantan Barat | E517: Kota Pontianak | F517: Pontianak Selatan | G517: Benua Melayu Darat | H517: -0.032972, 109.339667 | I517: 112.5 | J517: 120 | K517: 1002000 | L517: 45462 | M517: Surveyor 3 | N517: Reviewer 3 | O517: GF
A518: 517 | B518: Tanah & Bangunan | C518: Jalan Borobudur 2, Pondok Ungu Permai Blok AC 9 | D518: Jawa Barat | E518: Kab. Bekasi | F518: Babelan | G518: Bahagia | H518: -6.178917, 107.007139 | I518: 78 | J518: 70 | K518: 1246000 | L518: 45489 | M518: Surveyor 3 | N518: Reviewer 3 | O518: GF
A519: 518 | B519: Tanah & Bangunan | C519: Jalan Kesejahteraan | D519: Jawa Barat | E519: Kab. Bekasi | F519: Cikarang Utara | G519: Karang Baru | H519: -6.256417, 107.142778 | I519: 400 | J519: 340 | K519: 1824000 | L519: 45489 | M519: Surveyor 3 | N519: Reviewer 3 | O519: GF
A520: 519 | B520: Tanah & Bangunan | C520: Jalan Kesejahteraan No. 1 | D520: Jawa Barat | E520: Kab. Bekasi | F520: Cikarang Utara | G520: Karang Baru | H520: -6.256250, 107.142806 | I520: 378 | J520: 300 | K520: 1839000 | L520: 45489 | M520: Surveyor 3 | N520: Reviewer 3 | O520: GF
A521: 520 | B521: Tanah & Bangunan | C521: Jalan Ki. Hajar Dewantara | D521: Jawa Barat | E521: Kab. Bekasi | F521: Cikarang Utara | G521: Karang Baru | H521: -6.244750, 107.159833 | I521: 328 | J521: 250 | K521: 972000 | L521: 45489 | M521: Surveyor 3 | N521: Reviewer 3 | O521: GF
A522: 521 | B522: Tanah Kosong | C522: Jalan Talang Duku | D522: Jambi | E522: Kab. Muaro Jambi | F522: Taman Rajo | G522: Talang Duku | H522: -1.530528, 103.666306 | I522: 40000 | J522: 0 | K522: 750000 | L522: 45467 | M522: Surveyor 3 | N522: Reviewer 3 | O522: GF
A523: 522 | B523: Tanah Kosong | C523: Jalan Jembatan Batanghari II | D523: Jambi | E523: Kab. Muaro Jambi | F523: Maro Sebo | G523: Niaso | H523: -1.549083, 103.633528 | I523: 22000 | J523: 0 | K523: 909000 | L523: 45467 | M523: Surveyor 3 | N523: Reviewer 3 | O523: GF
A524: 523 | B524: Tanah Kosong | C524: Jalan Jembatan Batanghari | D524: Jambi | E524: Kab. Muaro Jambi | F524: Pelayangan | G524: Tj Johor | H524: -1.554667, 103.641139 | I524: 26000 | J524: 0 | K524: 635000 | L524: 45467 | M524: Surveyor 3 | N524: Reviewer 3 | O524: GF
A525: 524 | B525: Tanah & Bangunan | C525: Perumahan Graha Cibubur View | D525: Jawa Barat | E525: Kota Bekasi | F525: Jatisampurna | G525: Jatisampurna | H525: -6.351333, 106.930306 | I525: 72 | J525: 50 | K525: 2857000 | L525: 45430 | M525: Surveyor 3 | N525: Reviewer 3 | O525: GF
A526: 525 | B526: Tanah & Bangunan | C526: Perumahan Graha Cibubur View | D526: Jawa Barat | E526: Kota Bekasi | F526: Jatisampurna | G526: Jatisampurna | H526: -6.351000, 106.929833 | I526: 105 | J526: 55 | K526: 3141000 | L526: 45430 | M526: Surveyor 3 | N526: Reviewer 3 | O526: GF
A527: 526 | B527: Tanah & Bangunan | C527: Perumahan Graha Cibubur View | D527: Jawa Barat | E527: Kota Bekasi | F527: Jatisampurna | G527: Jatisampurna | H527: -6.350694, 106.929194 | I527: 73 | J527: 50 | K527: 2675000 | L527: 45430 | M527: Surveyor 3 | N527: Reviewer 3 | O527: GF
... A533: 532 | B533: Tanah & Bangunan | C533: Perumahan Villa Kebon Raya Estate Blok B No. 8 | D533: Jawa Barat | E533: Kab. Bogor | F533: Cibinong | G533: Cibinong | H533: -6.496472, 106.852722 | I533: 95 | J533: 50 | K533: 4785000 | L533: 45429 | M533: Surveyor 3 | N533: Reviewer 3 | O533: GF

Sheet Sheet1
A2: KECAMATAN | B2: KODE | C2: KELURAHAN/DESA | D2: LUAS (km²)*) | E2: SURVEYOR | F2: NO REKENING | G2: ANALIS | H2: NO REKENING | K2: =INDEX(Sheet1!$E$5:$E$21;MATCH(List_DP!F2;Sheet1!$C$5:$C$21;0)) | N2: KEL | O2: (All)
K4: SURVEYOR | L4: JUMLAH DATA | N4: Row Labels | O4: Count of JENIS PROPERTI
A5: Kuta (Luas 17,52 km2) | B5: 1001 | C5: Tuban | D5: 2.68 | E5: Ketut Agus Sudiartawan | F5: BCA 4350484111 | G5: I Komang Adi Juniarta | H5: Mandiri 1450013437633 | I5: =COUNTIF(List_DP!$G:$G,Sheet1!C5) -> 0 | K5: Wayan Juniarta | L5: =COUNTIF(List_DP!$O:$O,Sheet1!K5) -> 0 | N5: Tanah & Bangunan | O5: 180
B6: 1002 | C6: Kuta | D6: 7.23 | E6: I Ketut Pasek Sujiwa | F6: BCA 6690583672 | I6: =COUNTIF(List_DP!$G:$G,Sheet1!C6) -> 0 | K6: I Ketut Pasek Sujiwa | L6: =COUNTIF(List_DP!$O:$O,Sheet1!K6) -> 0 | N6: Tanah Kosong | O6: 692
B7: 1003 | C7: Kedonganan | D7: 1.91 | E7: Ketut Agus Sudiartawan | F7: BCA 4350484111 | I7: =COUNTIF(List_DP!$G:$G,Sheet1!C7) -> 0 | K7: Umroni Ahmadi | L7: =COUNTIF(List_DP!$O:$O,Sheet1!K7) -> 0 | N7: Tanah saja (bangunan diabaikan) | O7: 31
B8: 1004 | C8: Legian | D8: 3.05 | E8: Umroni Ahmadi | F8: Mandiri 1410010992287 | I8: =COUNTIF(List_DP!$G:$G,Sheet1!C8) -> 0 | K8: Ketut Agus Sudiartawan | L8: =COUNTIF(List_DP!$O:$O,Sheet1!K8) -> 0 | N8: Grand Total | O8: 903
B9: 1005 | C9: Seminyak | D9: 2.65 | E9: Umroni Ahmadi | F9: Mandiri 1410010992287 | I9: =COUNTIF(List_DP!$G:$G,Sheet1!C9) -> 0 | K9: Made Panji Anom | L9: =COUNTIF(List_DP!$O:$O,Sheet1!K9) -> 0
A10: Kuta Selatan (Luas 101,13 km2) | B10: 2001 | C10: Pecatu | D10: 26.41 | E10: Wayan Juniarta | F10: BCA 6690464134 | G10: Isti Surtikanti | H10: Mandiri 1450013709478 | I10: =COUNTIF(List_DP!$G:$G,Sheet1!C10) -> 0 | K10: Made Sulatra | L10: =COUNTIF(List_DP!$O:$O,Sheet1!K10) -> 0
B11: 2002 | C11: Ungasan | D11: 14.99 | E11: Made Panji Anom | F11: Permata 9816616880 | I11: =COUNTIF(List_DP!$G:$G,Sheet1!C11) -> 0 | K11: I Komang Pasek | L11: =COUNTIF(List_DP!$O:$O,Sheet1!K11) -> 0
B12: 2003 | C12: Kutuh | D12: 8.56 | E12: Wayan Juniarta | F12: BCA 6690464134 | I12: =COUNTIF(List_DP!$G:$G,Sheet1!C12) -> 0 | K12: Wayan Sudana | L12: =COUNTIF(List_DP!$O:$O,Sheet1!K12) -> 0
B13: 1004 | C13: Benoa | D13: 28.28 | E13: Made Panji Anom | F13: Permata 9816616880 | I13: =COUNTIF(List_DP!$G:$G,Sheet1!C13) -> 0 | K13: TOTAL | L13: =SUM(L5:L12) -> 0
B14: 1005 | C14: Tanjung Benoa | D14: 2.39 | E14: Made Sulatra | F14: BRI 472001010439538 | I14: =COUNTIF(List_DP!$G:$G,Sheet1!C14) -> 0
B15: 1006 | C15: Jimbaran | D15: 20.5 | E15: I Ketut Pasek Sujiwa | F15: BCA 6690583672 | I15: =COUNTIF(List_DP!$G:$G,Sheet1!C15) -> 0 | L15: =List_DP!#REF! -> #REF!
A16: Kuta Utara (Luas 33,86 km2) | B16: 1001 | C16: Kerobokan Kelod | D16: 5.26 | E16: Made Sulatra | F16: BRI 472001010439538 | G16: I Made Sutirta | H16: Mandiri 1450014287235 | I16: =COUNTIF(List_DP!$G:$G,Sheet1!C16) -> 0
B17: 1002 | C17: Kerobokan | D17: 5.42 | E17: I Komang Pasek | F17: BCA 6690350554 | I17: =COUNTIF(List_DP!$G:$G,Sheet1!C17) -> 0
B18: 1003 | C18: Kerobokan Kaja | D18: 5.3 | E18: I Komang Pasek | F18: BCA 6690350554 | I18: =COUNTIF(List_DP!$G:$G,Sheet1!C18) -> 0
B19: 2004 | C19: Tibubeneng | D19: 6.5 | E19: Wayan Sudana | F19: BRI 098501037704538 | I19: =COUNTIF(List_DP!$G:$G,Sheet1!C19) -> 0
B20: 2005 | C20: Canggu | D20: 5.23 | E20: Wayan Sudana | F20: BRI 098501037704538 | I20: =COUNTIF(List_DP!$G:$G,Sheet1!C20) -> 0
B21: 2006 | C21: Dalung | D21: 6.15 | E21: I Komang Pasek | F21: BCA 6690350554 | I21: =COUNTIF(List_DP!$G:$G,Sheet1!C21) -> 0
I22: =SUM(I5:I21) -> 0 | N22: Bulan I
N23: Kuta | O23: =20+10+10+5+16 -> 61
N24: Kuta Selatan | O24: =20+6+2+47+85 -> 160
N25: Kuta Utara | O25: =5+4+5+33+46+8 -> 101
N26: Jumlah | O26: =SUM(O23:O25) -> 322

Sheet Surveyor
B2: UMRONI AHMADI | G2: WAYAN JUNIARTA | L2: KETUT AGUS SUDIARTAWAN | Q2: I KETUT PASEK SUJIWA
B25: P 4632 YZ | G25: DK 3615 AEM | L25: DK 4667 TY | Q25: DK 4179 EU
B34: I KOMANG PASEK | G34: WAYAN SUDANA | L34: MADE SULATRA | Q34: MADE PANJI ANOM
B57: DK 3011 AAI | G57: DK 6647 ACW | L57: DK 4049 KC | Q57: DK5690 TE

Sheet Analis
B1: SKETSA ANALIS ZONASI KECAMATAN KUTA SELATAN | N1: DOKUMENTASI SURVEY HARGA PASAR TANAH | Z1: HASIL KUMPULAN DATA HARGA PASAR TANAH
B20: ZONASI DESA PECATU | H20: ZONASI DESA TANJUNG BENOA
B38: ZONASI DESA BENOA | H38: ZONASI DESA JIMBARAN
B56: ZONASI DESA KUTUH | H56: ZONASI DESA UNGASAN
B58: SKETSA ANALIS ZONASI KECAMATAN KUTA | N58: DOKUMENTASI SURVEY HARGA PASAR TANAH | Z58: HASIL KUMPULAN DATA HARGA PASAR TANAH
B77: ZONASI KELURAHAN TUBAN | H77: ZONASI KELURAHAN KUTA
B95: ZONASI KELURAHAN KEDONGANAN | H95: ZONASI KELURAHAN LEGIAN
B113: ZONASI KELURAHAN SEMINYAK
B114: SKETSA ANALIS ZONASI KECAMATAN KUTA UTARA | N114: DOKUMENTASI SURVEY HARGA PASAR TANAH | Z114: HASIL KUMPULAN DATA HARGA PASAR TANAH
B133: ZONASI DESA PECATU | H133: ZONASI DESA TANJUNG BENOA
B151: ZONASI DESA BENOA | H151: ZONASI DESA JIMBARAN
B169: ZONASI DESA KUTUH | H169: ZONASI DESA UNGASAN
